District,Code,State,Trump2016,Clinton2016,Obama2012,Romney2012,Obama2008,McCain2008,raw16PVI,raw12PVI,raw08PVI,raw16PVIuse,raw12PVIuse,raw08PVIuse,Trump2016vote,Clinton2016vote
Alaska At-Large,AK-01,Alaska,51.2815120775373,36.550871290112,41.2062158756825,55.330029399412,38.9352150834029,61.0647849165971,-9.5,-9.3,-14.8,9.5,9.3,14.8,163387,116454
Alabama 1st,AL-01,Alabama,63.4754413829009,34.0598000514041,37.3899483665008,61.835047199644,38.6934153632627,61.3065846367373,-16.2,-14.3,-15,16.2,14.3,15,192634,103364
Alabama 2nd,AL-02,Alabama,64.938179119525,33.010459840932,36.4212182264786,62.8870780779952,35.1886923826765,64.8113076173235,-17.4,-15.3,-18.5,17.4,15.3,18.5,185505,94299
Alabama 3rd,AL-03,Alabama,65.2675430091143,32.3087791229188,36.8006768334476,62.2804575051405,36.9101213995816,63.0898786004184,-18,-14.8,-16.8,18,14.8,16.8,188477,93300
Alabama 4th,AL-04,Alabama,80.371552595915,17.4466679966704,23.9769767399501,74.8339738802572,25.8322493441563,74.1677506558437,-33.3,-27.7,-27.9,33.3,27.7,27.9,233661,50722
Alabama 5th,AL-05,Alabama,64.7134740285929,31.3479836224781,34.8506204943098,63.8693682025681,36.7424372489098,63.2575627510902,-18.5,-16.7,-16.9,18.5,16.7,16.9,200571,97159
Alabama 6th,AL-06,Alabama,70.7878453474165,26.1077038281153,24.6600051536061,74.3029111511947,25.2436512501486,74.7563487498514,-24.2,-27,-28.4,24.2,27,28.4,233493,86116
Alabama 7th,AL-07,Alabama,28.617369923371,69.7695673376962,72.412480491302,27.1180418977046,71.7588131469732,28.2411868530268,19.8,20.8,18.1,-19.8,-20.8,-18.1,83915,204586
Arkansas 1st,AR-01,Arkansas,64.9892412078998,30.1813844129842,36.3315780924021,60.9757081706519,40.3279023363238,59.6720976636762,-19.4,-14.6,-13.4,19.4,14.6,13.4,169438,78688
Arkansas 2nd,AR-02,Arkansas,52.3764227589307,41.6592284688606,42.9130130078799,54.7459104661299,45.1595855642862,54.8404144357138,-6.8,-8,-8.5,6.8,8,8.5,160782,127883
Arkansas 3rd,AR-03,Arkansas,61.9246790319103,30.4901715823017,31.5960848844249,65.473011782604,34.6558070453004,65.3441929546996,-18.1,-19.4,-19,18.1,19.4,19,180921,89081
Arkansas 4th,AR-04,Arkansas,64.1592283062696,31.3323312935546,35.8818705493209,61.8271305004245,38.4263420516292,61.5736579483708,-18.3,-15.2,-15.3,18.3,15.2,15.3,173731,84842
Arizona 1st,AZ-01,Arizona,47.6985538980886,46.6268734230962,47.8935306241733,50.4179868951303,48.4016092053467,51.5983907946533,-1.7,-3.2,-5.3,1.7,3.2,5.3,135928,132874
Arizona 2nd,AZ-02,Arizona,44.7050554238077,49.6062867473618,48.371822977667,49.9350998194807,49.5289274646778,50.4710725353222,1.5,-2.8,-4.2,-1.5,2.8,4.2,141196,156676
Arizona 3rd,AZ-03,Arizona,32.5231891410685,62.4436424899729,61.4404675934284,36.9437172774869,58.8210391423243,41.1789608576757,14.6,10.5,5.1,-14.6,-10.5,-5.1,67952,130466
Arizona 4th,AZ-04,Arizona,67.6899521915821,27.5365766224542,31.0157878827806,67.1949962409803,34.8860041453038,65.1139958546962,-22.2,-20.4,-18.8,22.2,20.4,18.8,202043,82192
Arizona 5th,AZ-05,Arizona,57.6440936725556,36.5198905125974,34.5571714530822,63.7634979642415,36.6788913181466,63.3211086818534,-12.3,-16.8,-17,12.3,16.8,17,191432,121280
Arizona 6th,AZ-06,Arizona,52.4137604889886,42.4350709807851,38.8176135946678,59.5171927495956,41.6466298180239,58.3533701819761,-6.4,-12.5,-12,6.4,12.5,12,177332,143571
Arizona 7th,AZ-07,Arizona,22.6473397040128,71.7510447143839,71.6983542336435,26.5089740041304,65.5019804996953,34.4980195003047,24.9,21,11.8,-24.9,-21,-11.8,37232,117958
Arizona 8th,AZ-08,Arizona,58.0960818758115,36.9638738257084,36.8689158646085,61.6760440496555,38.7933755602786,61.2066244397214,-12.2,-14.6,-14.9,12.2,14.6,14.9,190163,120992
Arizona 9th,AZ-09,Arizona,38.4421358190395,54.6594660100119,51.1197710942195,46.5911711010232,51.9693832273332,48.0306167726668,7.6,.4,-1.7,-7.6,-.4,1.7,109123,155158
California 1st,CA-01,California,56.1706925546553,36.540985068542,40.2657866336764,56.5601063409755,44.0296387929892,55.9703612070108,-11.7,-10.4,-9.7,11.7,10.4,9.7,176358,114727
California 2nd,CA-02,California,23.3483394256329,69.0368175875653,69.0410926038112,26.9636098631846,73.718078141134,26.281921858866,23.6,19.9,20,-23.6,-19.9,-20,80545,238157
California 3rd,CA-03,California,40.3913219324954,52.9910029532291,54.3003967942008,43.0908571830508,56.1418330155205,43.8581669844795,5.6,3.8,2.5,-5.6,-3.8,-2.5,105860,138882
California 4th,CA-04,California,54.0267354862078,39.2741123071525,39.5318599430152,57.8691719435839,44.4608808044396,55.5391191955604,-9,-11.4,-9.2,9,11.4,9.2,190924,138790
California 5th,CA-05,California,24.2870068053971,69.1521445524042,69.7430387430318,27.4553649296374,72.4680802477013,27.5319197522987,22.9,19.8,18.8,-22.9,-19.8,-18.8,74088,210950
California 6th,CA-06,California,24.4143331556722,69.1595260546923,69.140640567504,28.2786685618892,69.7586568730325,30.2413431269675,22.8,19,16.1,-22.8,-19,-16.1,59549,168687
California 7th,CA-07,California,40.8555231850795,52.3040398792574,50.7512316562761,46.8144770749344,52.743957151337,47.256042848663,5,.1,-.9,-5,-.1,.9,124249,159066
California 8th,CA-08,California,54.744346855069,39.6134601756609,41.6581621855497,55.6254203251612,43.5259315674109,56.4740684325891,-9.1,-9.1,-10.2,9.1,9.1,10.2,127464,92234
California 9th,CA-09,California,37.9880012259069,56.5592318769391,57.835251824685,40.1262754638876,58.0079230333899,41.9920769666101,8.7,7.1,4.3,-8.7,-7.1,-4.3,90484,134719
California 10th,CA-10,California,45.537800400534,48.5376335113485,50.6352475210703,47.0264465652936,51.4338442752611,48.5661557247389,.5,-.1,-2.3,-.5,.1,2.3,109145,116335
California 11th,CA-11,California,22.67314632336,71.5233165263239,67.6439724508026,29.9620766834698,70.7260610770271,29.2739389229729,24.8,17.3,17,-24.8,-17.3,-17,70869,223559
California 12th,CA-12,California,8.68457580538166,86.1882410654061,84.1048481992091,12.4858374403456,86.7705710120131,13.2294289879869,39.7,35.1,33.1,-39.7,-35.1,-33.1,31158,309221
California 13th,CA-13,California,6.80532864144778,87.3522564737847,87.5222810579993,8.96922765528183,89.7214422463306,10.2785577536694,41.7,38.7,36,-41.7,-38.7,-36,22743,291926
California 14th,CA-14,California,18.2133585004517,76.9146545846586,74.2335539235666,23.5617788514981,74.9645177036008,25.0354822963992,29.7,23.9,21.3,-29.7,-23.9,-21.3,54229,229008
California 15th,CA-15,California,24.1825287485591,69.9257738915287,68.0105597998549,29.8329694448815,68.9670579326013,31.0329420673987,23.2,17.5,15.3,-23.2,-17.5,-15.3,68808,198964
California 16th,CA-16,California,36.3682897554776,57.9558024052152,58.5529736168421,39.359538804762,59.4303959821248,40.5696040178752,10.3,7.8,5.7,-10.3,-7.8,-5.7,61813,98504
California 17th,CA-17,California,20.4772914614287,73.9061903134361,71.9305022694749,25.544981255981,71.2176757866934,28.7823242133066,27.2,21.8,17.5,-27.2,-21.8,-17.5,50926,183801
California 18th,CA-18,California,20.2328592997511,73.4070741008182,68.232717488228,28.9276160380458,71.8011071631037,28.1988928368963,27.3,18.3,18.1,-27.3,-18.3,-18.1,67808,246015
California 19th,CA-19,California,21.4929509673012,72.9078036207807,71.2134640039235,26.5197339551372,69.9056902279958,30.0943097720041,26.1,20.9,16.2,-26.1,-20.9,-16.2,55371,187828
California 20th,CA-20,California,23.221900848997,70.3544893933842,70.8883490461146,26.1923043034979,73.4236992425704,26.5763007574296,24.1,21.1,19.7,-24.1,-21.1,-19.7,59573,180486
California 21st,CA-21,California,39.6663272030192,55.2424669022944,54.6380166398282,43.5428408480945,53.6276149613361,46.3723850386639,7.1,3.7,-.1,-7.1,-3.7,.1,52972,73773
California 22nd,CA-22,California,52.0906815692709,42.5973506789874,41.5789188260921,56.5862851254982,43.8231867504283,56.1768132495717,-6.1,-9.6,-9.9,6.1,9.6,9.9,125089,102292
California 23rd,CA-23,California,58.1347196811291,36.066551228437,36.1285014760424,61.512470468154,37.460861526117,62.539138473883,-12.8,-15,-16.2,12.8,15,16.2,142351,88314
California 24th,CA-24,California,36.4835340850846,56.6949641209636,54.0751557765572,43.1075285732851,57.8305230018626,42.1694769981374,9.7,3.7,4.1,-9.7,-3.7,-4.1,113887,176979
California 25th,CA-25,California,43.6460994517199,50.3228191407594,47.8499419224655,49.6564902140345,50.7394466422728,49.2605533577272,2.4,-2.9,-2.9,-2.4,2.9,2.9,119249,137491
California 26th,CA-26,California,36.0189849160941,57.8591666894796,53.9940141861595,43.7340807682891,57.7533406572891,42.2466593427109,10.5,3.3,4.1,-10.5,-3.3,-4.1,105259,169083
California 27th,CA-27,California,28.3529829921427,65.9986538912374,62.6150327557468,34.9955421173005,63.0718916879167,36.9281083120833,18.8,12.2,9.4,-18.8,-12.2,-9.4,74984,174544
California 28th,CA-28,California,22.3357326087107,72.1321053468578,70.3005685824445,26.5377229698306,72.0922462402487,27.9077537597513,25.2,20.6,18.4,-25.2,-20.6,-18.4,64607,208645
California 29th,CA-29,California,16.8010560867704,77.7370588595078,77.028870265473,20.5218924408389,76.0158689496168,23.9841310503832,31.1,27,22.3,-31.1,-27,-22.3,32963,152517
California 30th,CA-30,California,25.66040851373,69.0705239345453,65.3169767132029,32.1429322712516,67.3339439946895,32.6660560053105,21.8,15.1,13.6,-21.8,-15.1,-13.6,77701,209149
California 31st,CA-31,California,36.5786081066317,57.6685239812083,57.2351897285713,40.6425461351228,57.9954706407316,42.0045293592684,10.1,6.5,4.3,-10.1,-6.5,-4.3,83701,131960
California 32nd,CA-32,California,27.6855748343528,66.5583559801132,65.1719898711362,32.4579147666884,64.3492222682957,35.6507777317043,19.5,14.8,10.7,-19.5,-14.8,-10.7,60921,146459
California 33rd,CA-33,California,26.478325614515,67.8112558173706,60.6082469466442,36.7733128621892,65.5366441727419,34.4633558272581,20.8,10.3,11.8,-20.8,-10.3,-11.8,93706,239982
California 34th,CA-34,California,10.7171683793696,83.5634693203179,82.9608520549906,14.1438786198999,79.6242976752406,20.3757023247594,37.5,33.5,25.9,-37.5,-33.5,-25.9,19784,154259
California 35th,CA-35,California,26.9454061534057,67.7357100063093,67.3849330992011,30.5647614572255,66.4269990833183,33.5730009166817,20.4,16.8,12.7,-20.4,-16.8,-12.7,50822,127757
California 36th,CA-36,California,43.4136580022749,52.1527572987319,50.6783632871386,47.5046844401448,51.8403984698138,48.1596015301862,3.5,-.3,-1.8,-3.5,.3,1.8,103051,123795
California 37th,CA-37,California,9.63590141018491,85.6906429487133,84.904413842617,12.719489188797,86.3746169241353,13.6253830758647,38.8,35,32.7,-38.8,-35,-32.7,26608,236621
California 38th,CA-38,California,27.4079057625371,66.9653216449658,64.8791734638391,32.9657422512235,63.7925888021833,36.2074111978167,19.8,14.3,10.1,-19.8,-14.3,-10.1,68033,166224
California 39th,CA-39,California,42.8603411005208,51.4660275772468,47.0944484498918,50.7501992183053,48.8128095651162,51.1871904348838,3.4,-3.8,-4.9,-3.4,3.8,4.9,116782,140230
California 40th,CA-40,California,12.7961193341185,82.2468035503964,81.481559773954,16.5208077904142,79.5225585379783,20.4774414620217,35.4,31.2,25.8,-35.4,-31.2,-25.8,21077,135472
California 41st,CA-41,California,33.1105860524447,60.9762225733351,61.500628272816,36.3017650960745,60.7348670218848,39.2651329781152,13.7,10.9,7,-13.7,-10.9,-7,68526,126197
California 42nd,CA-42,California,53.3627774361268,41.4092171223048,41.3779459831412,56.5276105281266,44.9998118638647,55.0001881361353,-7.4,-9.7,-8.7,7.4,9.7,8.7,143175,111103
California 43rd,CA-43,California,16.6790566521405,78.3705032897548,78.0050310729506,20.0185402688339,77.1047808051157,22.8952191948843,31.3,27.6,23.4,-31.3,-27.6,-23.4,39039,183434
California 44th,CA-44,California,12.2652955986289,83.0380885936441,84.6791149651934,13.6148725937708,83.3510301960176,16.6489698039824,36,34.2,29.7,-36,-34.2,-29.7,24261,164251
California 45th,CA-45,California,44.3949847683968,49.8360263462252,43.0234099011309,54.7800736266116,47.6629204045834,52.3370795954166,1.8,-8,-6,-1.8,8,6,144713,162449
California 46th,CA-46,California,27.8854771784232,66.2583679114799,61.4040503431023,36.1765481404308,60.0669181564704,39.9330818435296,19.3,11,6.4,-19.3,-11,-6.4,50403,119762
California 47th,CA-47,California,31.0320532672654,62.6134252090431,60.0332215092988,37.4596944923949,59.4934176140076,40.5065823859924,15.7,9.6,5.8,-15.7,-9.6,-5.8,80162,161743
California 48th,CA-48,California,46.1966797761307,47.9109943024253,43.0063716493913,54.685359423062,47.5186522262335,52.4813477737666,-.2,-7.9,-6.2,.2,7.9,6.2,146595,152035
California 49th,CA-49,California,43.1755575441625,50.660964106353,45.6575926756048,52.2488012279772,50.6722439037892,49.3277560962108,2.9,-5.3,-3,-2.9,5.3,3,135576,159081
California 50th,CA-50,California,54.5694794419519,39.5604995936875,37.5606043419238,60.4137012466656,40.3663523355704,59.6336476644296,-9.1,-13.6,-13.3,9.1,13.6,13.3,159822,115864
California 51st,CA-51,California,22.7928756747811,71.8483038595774,69.3587866861846,28.8617983729692,67.2136030931595,32.7863969068405,24.8,18.7,13.5,-24.8,-18.7,-13.5,46825,147603
California 52nd,CA-52,California,35.5517557659951,58.1079275218825,52.07689961493,45.6638326534243,56.1301396104394,43.8698603895606,10.9,1.3,2.4,-10.9,-1.3,-2.4,117057,191325
California 53rd,CA-53,California,29.584403282502,64.5149545869003,61.4124987250864,36.4055526442587,62.4576902423392,37.5423097576608,17.4,10.8,8.8,-17.4,-10.8,-8.8,91822,200237
Colorado 1st,CO-01,Colorado,23.2284706917158,69.0224939932367,68.9808513061351,28.8325858600101,71.9655073470559,28.0344926529441,23.7,18.6,18.3,-23.7,-18.6,-18.3,93486,277790
Colorado 2nd,CO-02,Colorado,34.947422916649,56.2105884050345,57.9162241405917,39.5085010393689,62.2185306881133,37.7814693118867,10.5,7.5,8.5,-10.5,-7.5,-8.5,164710,264925
Colorado 3rd,CO-03,Colorado,51.9561159776868,40.0494729251066,45.7724587691491,51.7976790626876,49.2671810919091,50.7328189080909,-7.6,-5.1,-4.4,7.6,5.1,4.4,195966,151057
Colorado 4th,CO-04,Colorado,57.4208658940768,34.2565956484012,39.2221469541319,58.5005121250073,42.664676188131,57.335323811869,-13.7,-11.8,-11,13.7,11.8,11,230945,137779
Colorado 5th,CO-05,Colorado,57.1664904734621,33.2233134544359,38.3033115824298,59.1169506668279,40.3154216340716,59.6845783659284,-14.4,-12.6,-13.4,14.4,12.6,13.4,212517,123508
Colorado 6th,CO-06,Colorado,41.2879235812737,50.2195593046632,51.5576866060649,46.5000618938671,54.4182763467207,45.5817236532793,3.8,.6,.7,-3.8,-.6,-.7,157115,191103
Colorado 7th,CO-07,Colorado,39.412358254853,51.4225233305572,56.0916780978509,41.2605738454504,58.4918126795943,41.5081873204057,5.5,5.7,4.8,-5.5,-5.7,-4.8,147645,192637
Connecticut 1st,CT-01,Connecticut,36.3152195733239,59.4040282990747,63.2953746307425,35.5853802574171,66.625211436802,33.374788563198,10.9,12,12.9,-10.9,-12,-12.9,119395,195305
Connecticut 2nd,CT-02,Connecticut,45.7729532395424,48.6559376448975,55.8864542773233,42.568628870555,59.4256322842694,40.5743677157306,.4,4.8,5.7,-.4,-4.8,-5.7,155975,165799
Connecticut 3rd,CT-03,Connecticut,40.3831753340977,55.8767326317359,62.596852031681,36.2931898865517,63.3966811092936,36.6033188907064,6.9,11.3,9.7,-6.9,-11.3,-9.7,129968,179832
Connecticut 4th,CT-04,Connecticut,36.5559814502221,59.5658718212786,55.0733430796444,44.0241255160192,59.9952113534457,40.0047886465544,10.9,3.6,6.3,-10.9,-3.6,-6.3,119976,195494
Connecticut 5th,CT-05,Connecticut,45.8270976057905,49.9298190167226,53.5260589231775,45.3082883275403,57.06127256722,42.93872743278,1,2.2,3.4,-1,-2.2,-3.4,147901,161142
D.C. At-Large,DC-01,DC,4.09,90.89,90.91,7.28,92.46,6.53,43,41,40,-43,-41,-40,12723,282830
Delaware At-Large,DE-01,Delaware,41.9228243393193,53.3533368056342,58.6107419845853,39.9826040735461,62.6381386498886,37.3618613501114,4.9,7.5,8.9,-4.9,-7.5,-8.9,185127,235603
Florida 1st,FL-01,Florida,67.5109181794265,28.167061299658,30.5383588520553,69.4616411479447,32.3761414848948,67.6238585151052,-21.7,-21.4,-21.3,21.7,21.4,21.3,256609,107063
Florida 2nd,FL-02,Florida,66.2043454252454,30.606173298624,34.5056390196025,65.4943609803975,35.7097235616519,64.2902764383481,-19.5,-17.5,-18,19.5,17.5,18,234991,108636
Florida 3rd,FL-03,Florida,56.1514751711744,40.195286731421,42.5305147938017,57.4694852061983,44.7267563896277,55.2732436103723,-9.4,-9.4,-9,9.4,9.4,9,197478,141362
Florida 4th,FL-04,Florida,62.100289835823,34.0770555336821,33.1664441173575,66.8335558826425,35.1572662455638,64.8427337544362,-15.7,-18.8,-18.5,15.7,18.8,18.5,261826,143675
Florida 5th,FL-05,Florida,35.8546612790038,61.2661862204434,64.2179516473357,35.7820483526643,63.7647951228873,36.2352048771127,12,12.3,10.1,-12,-12.3,-10.1,111892,191194
Florida 6th,FL-06,Florida,56.8559046244905,39.8766205727165,47.1336245471634,52.8663754528366,50.6826903958458,49.3173096041542,-9.9,-4.8,-3,9.9,4.8,3,215941,151453
Florida 7th,FL-07,Florida,44.1035722742617,51.3946022148431,50.021835811703,49.978164188297,51.5536634072254,48.4463365927746,2.7,-1.9,-2.1,-2.7,1.9,2.1,160178,186658
Florida 8th,FL-08,Florida,58.383074859857,37.6730171605156,42.6316512002415,57.3683487997585,44.4072229091527,55.5927770908473,-11.9,-9.3,-9.3,11.9,9.3,9.3,234648,151412
Florida 9th,FL-09,Florida,41.8904440019073,54.7970717751662,56.1706747299294,43.8293252700706,55.1148651698247,44.8851348301753,5.6,4.2,1.4,-5.6,-4.2,-1.4,149352,195368
Florida 10th,FL-10,Florida,34.8726755404596,61.7640069579324,61.2489106131608,38.7510893868392,61.2694891280245,38.7305108719755,12.8,9.3,7.6,-12.8,-9.3,-7.6,110062,194934
Florida 11th,FL-11,Florida,64.7827969965791,32.4692577579453,40.1916292275517,59.8083707724483,43.173454558265,56.826545441735,-17.7,-11.8,-10.5,17.7,11.8,10.5,266256,133448
Florida 12th,FL-12,Florida,57.4426131239861,38.8474512103103,46.1719497709698,53.8280502290302,48.0446036789111,51.9553963210889,-10.8,-5.8,-5.6,10.8,5.8,5.6,218487,147759
Florida 13th,FL-13,Florida,46.38762612263,49.5875374210001,55.4272424223655,44.5727575776345,56.3081807847993,43.6918192152007,.6,3.5,2.6,-.6,-3.5,-2.6,167348,178892
Florida 14th,FL-14,Florida,38.9782497510842,57.1583346699634,58.2623976148027,41.7376023851973,58.7230813485354,41.2769186514646,8.3,6.3,5,-8.3,-6.3,-5,128797,188870
Florida 15th,FL-15,Florida,53.1017762870757,43.1142718777465,47.1860138716115,52.8139861283885,47.2566144520152,52.7433855479848,-6.3,-4.8,-6.4,6.3,4.8,6.4,177635,144225
Florida 16th,FL-16,Florida,53.7467837008924,42.9533753184798,45.640722404081,54.359277595919,48.2112089342225,51.7887910657776,-6.7,-6.3,-5.5,6.7,6.3,5.5,213271,170442
Florida 17th,FL-17,Florida,62.2153896586513,35.0191176761497,41.7696071672546,58.2303928327454,44.5258063447149,55.4741936552851,-15.1,-10.2,-9.2,15.1,10.2,9.2,220156,123919
Florida 18th,FL-18,Florida,53.2770855012367,44.0704466185937,48.1326984293489,51.8673015706511,51.6903959482005,48.3096040517995,-5.8,-3.8,-2,5.8,3.8,2,203771,168558
Florida 19th,FL-19,Florida,59.5808037611699,37.5175124226699,39.0134105809477,60.9865894190523,42.7018295630193,57.2981704369807,-12.5,-13,-11,12.5,13,11,227097,143001
Florida 20th,FL-20,Florida,18.0917624328713,80.1894664676899,82.8330240749729,17.1669759250271,81.3026603622871,18.6973396377129,30.5,30.9,27.6,-30.5,-30.9,-27.6,52251,231596
Florida 21st,FL-21,Florida,39.0973124685421,58.6471061619002,60.8235556238074,39.1764443761926,63.8364965132564,36.1635034867436,8.9,8.9,10.1,-8.9,-8.9,-10.1,137490,206239
Florida 22nd,FL-22,Florida,41.019742932322,56.7644369140658,56.6754462219278,43.3245537780722,58.6803994943365,41.3196005056635,6.9,4.7,5,-6.9,-4.7,-5,146228,202355
Florida 23rd,FL-23,Florida,35.8121510323226,61.8976144377143,61.780926171277,38.219073828723,62.4014003986032,37.5985996013968,12.2,9.8,8.7,-12.2,-9.8,-8.7,120967,209079
Florida 24th,FL-24,Florida,15.286706484901,82.9891031778598,86.0634733374747,13.9365266625253,84.3370994874101,15.6629005125899,33.3,34.1,30.6,-33.3,-34.1,-30.6,40234,218424
Florida 25th,FL-25,Florida,49.6437153507029,47.9468695010501,45.1666991977424,54.8333008022576,40.8483115241003,59.1516884758997,-2,-6.8,-12.8,2,6.8,12.8,131186,126702
Florida 26th,FL-26,Florida,40.5742181326497,56.7387219695506,55.7991154557227,44.2008845442773,51.8334786981803,48.1665213018197,7.2,3.8,-1.9,-7.2,-3.8,1.9,115529,161555
Florida 27th,FL-27,Florida,38.86693190412,58.5782395686055,53.3550673318455,46.6449326681545,50.4024428531752,49.5975571468248,9,1.4,-3.3,-9,-1.4,3.3,118206,178154
Georgia 1st,GA-01,Georgia,56.3850308641975,40.8765135327635,43.0328485755892,55.9143730967244,44.6897917051827,55.3102082948173,-9.1,-8.5,-9,9.1,8.5,9,151996,110190
Georgia 2nd,GA-02,Georgia,43.2727536547321,54.9993349536281,58.5906452950698,40.8016856240592,58.1780638801556,41.8219361198444,4.9,7,4.5,-4.9,-7,-4.5,107361,136455
Georgia 3rd,GA-03,Georgia,64.3303993715229,32.7561605181729,32.9979561183647,65.853787346444,34.2106875634017,65.7893124365983,-17.4,-18.6,-19.5,17.4,18.6,19.5,200624,102155
Georgia 4th,GA-04,Georgia,22.2434650425396,75.3046075342443,73.5853930945842,25.57853441401,73.5810597402259,26.4189402597741,26.1,22.2,19.9,-26.1,-22.2,-19.9,66433,224907
Georgia 5th,GA-05,Georgia,11.9000896145267,84.9719055188158,83.0754361477681,15.8035401257483,84.8844431791713,15.1155568208287,36.6,32.1,31.2,-36.6,-32.1,-31.2,36385,259805
Georgia 6th,GA-06,Georgia,48.3091116571974,46.8162634416717,37.4530633906919,60.8300895765408,40.4513533554559,59.5486466445441,-1.9,-13.9,-13.2,1.9,13.9,13.2,160022,155077
Georgia 7th,GA-07,Georgia,51.1387521527467,44.7540783531996,38.3196549026856,60.230846088272,39.4333432746794,60.5666567253206,-4.4,-13.1,-14.3,4.4,13.1,14.3,150845,132012
Georgia 8th,GA-08,Georgia,63.3461889015268,34.4087317429589,37.477774062327,61.6281287659931,38.0454548913085,61.9545451086915,-15.9,-14.1,-15.6,15.9,14.1,15.6,168193,91360
Georgia 9th,GA-09,Georgia,77.7867873424962,19.3354978719109,20.4811927022545,78.1386799171214,24.5368447129219,75.4631552870781,-31.2,-31.2,-29.2,31.2,31.2,29.2,231194,57468
Georgia 10th,GA-10,Georgia,61.2651671200008,35.7666318599182,36.3027324609073,62.4586478760142,39.1012770889823,60.8987229110177,-14.3,-15.2,-14.6,14.3,15.2,14.6,193030,112691
Georgia 11th,GA-11,Georgia,60.3167331583818,35.3312197563824,31.4533601912278,66.9430023767771,35.0260176906657,64.9739823093343,-14.2,-20,-18.7,14.2,20,18.7,198813,116457
Georgia 12th,GA-12,Georgia,56.8617049097036,40.6976396661611,43.6423297827042,55.4220500553506,44.1217851739788,55.8782148260212,-9.4,-7.9,-9.6,9.4,7.9,9.6,152204,108937
Georgia 13th,GA-13,Georgia,26.6091927313287,71.0189285548304,69.2414337761598,29.9730724974121,67.4942499231634,32.5057500768366,21.6,17.8,13.8,-21.6,-17.8,-13.8,80157,213936
Georgia 14th,GA-14,Georgia,74.9785048774387,22.086433841921,25.3139403997761,73.2112881925009,28.156371796386,71.843628203614,-28.4,-26.3,-25.5,28.4,26.3,25.5,191849,56513
Hawaii 1st,HI-01,Hawaii,30.5379837553751,63.0716674629718,69.7015290463421,29.0186503962228,71.2840963471048,28.7159036528952,16.3,18.6,17.6,-16.3,-18.6,-17.6,63916,132009
Hawaii 2nd,HI-02,Hawaii,29.5628696440035,61.4113286923424,71.3836881839781,26.666544357095,74.6460695439209,25.3539304560791,16.4,20.8,21,-16.4,-20.8,-21,64931,134882
Iowa 1st,IA-01,Iowa,48.7064312646124,45.1572388178056,56.1854142330903,42.5286611988513,59.1506414426605,40.8493585573395,-3,5,5.5,3,-5,-5.5,190410,176535
Iowa 2nd,IA-02,Iowa,49.0537136901613,44.9511657836767,55.779970074307,42.7414978062945,57.8527313160696,42.1472686839304,-3.3,4.7,4.2,3.3,-4.7,-4.2,186384,170796
Iowa 3rd,IA-03,Iowa,48.54437322009,45.0165034767995,51.4459395954502,47.156630402377,53.1186081669941,46.8813918330059,-3,.2,-.6,3,-.2,.6,192960,178937
Iowa 4th,IA-04,Iowa,60.8657541458278,33.5354040536983,45.2565584959635,53.4245645722459,49.133959928379,50.866040071621,-15.6,-6.1,-4.6,15.6,6.1,4.6,231229,127401
Idaho 1st,ID-01,Idaho,63.6805213798549,25.3805667003095,32.1835263725484,64.9123555252271,35.9794287984407,64.0205712015593,-22.6,-18.8,-17.7,22.6,18.8,17.7,229034,91284
Idaho 2nd,ID-02,Idaho,54.4538013394072,29.7891068803427,33.066885585897,64.14220285418,37.9869126945602,62.0130873054398,-15.8,-17.9,-15.7,15.8,17.9,15.7,180021,98481
Illinois 1st,IL-01,Illinois,21.4473825400475,75.391430980302,78.9441202657015,20.246960230936,81.2998286951196,18.7001713048804,26.7,27.6,27.6,-26.7,-27.6,-27.6,69956,245908
Illinois 2nd,IL-02,Illinois,19.1106046333928,77.9673409700219,80.7097718978531,18.5343857758077,81.633436858324,18.366563141676,29.2,29.4,27.9,-29.2,-29.4,-27.9,58024,236726
Illinois 3rd,IL-03,Illinois,39.9266589465558,55.2279187282872,55.9283262606885,42.5842533172853,59.0263383868293,40.9736616131707,6.9,4.8,5.3,-6.9,-4.8,-5.3,113779,157383
Illinois 4th,IL-04,Illinois,13.2457807565343,82.1098360890007,80.8959037905365,17.056219484498,81.5621553489838,18.4378446510162,35,30.6,27.9,-35,-30.6,-27.9,27807,172374
Illinois 5th,IL-05,Illinois,23.9449017899864,70.5250340453201,66.0231455087521,31.8143326686069,70.8355448596436,29.1644551403564,23.5,15.5,17.1,-23.5,-15.5,-17.1,78069,229937
Illinois 6th,IL-06,Illinois,43.2232040388279,50.1964575453831,45.0937892718241,53.3057459075487,52.0209483056432,47.9790516943568,2.6,-6.1,-1.7,-2.6,6.1,1.7,152909,177578
Illinois 7th,IL-07,Illinois,9.21462862596281,87.4067816829433,87.222219871462,11.7908554167327,90.0115636236912,9.98843637630883,39.3,36.1,36.3,-39.3,-36.1,-36.3,28580,271100
Illinois 8th,IL-08,Illinois,36.4324248031867,58.1160022582567,57.3858840710007,40.9398822061414,62.3588306298262,37.6411693701738,10.4,6.4,8.7,-10.4,-6.4,-8.7,92926,148233
Illinois 9th,IL-09,Illinois,24.8702099903707,70.1134024565134,65.0441251603228,33.2873981769216,69.3754350479294,30.6245649520706,22.7,14.2,15.7,-22.7,-14.2,-15.7,84456,238096
Illinois 10th,IL-10,Illinois,32.6420467355525,62.0378560056607,57.5248503632375,41.1361686222368,63.6651124790466,36.3348875209534,14.4,6.3,10,-14.4,-6.3,-10,94108,178857
Illinois 11th,IL-11,Illinois,35.4423860954152,58.8770474215006,57.8195665566528,40.6417270510323,62.10492592879,37.89507407121,11.3,6.8,8.4,-11.3,-6.8,-8.4,99104,164632
Illinois 12th,IL-12,Illinois,54.9929395971454,40.1515295428785,49.7418658387705,48.1282346319059,55.6625577812018,44.3374422187982,-8.9,-1.1,2,8.9,1.1,-2,173693,126817
Illinois 13th,IL-13,Illinois,49.6948237228068,44.234465386791,48.6376800365094,48.9482209389427,55.6476585203182,44.3523414796818,-4,-2.1,2,4,2.1,-2,159013,141541
Illinois 14th,IL-14,Illinois,48.7302608781743,44.8402379614288,44.1762124139219,54.1967057901983,51.2402484581332,48.7597515418668,-3.2,-7.1,-2.4,3.2,7.1,2.4,167348,153989
Illinois 15th,IL-15,Illinois,70.7163854925384,24.520506051017,34.0608541350464,63.9438923729021,43.5736814164819,56.4263185835181,-25.4,-17.2,-10.1,25.4,17.2,10.1,226605,78574
Illinois 16th,IL-16,Illinois,55.4806595125454,38.3162172904086,45.1669322590899,52.8857968315779,50.959885748951,49.040114251049,-10.3,-5.9,-2.7,10.3,5.9,2.7,173093,119542
Illinois 17th,IL-17,Illinois,47.3756805049059,46.6727968708094,57.5845433293608,40.6354775861271,60.9270371621954,39.0729628378046,-1.5,6.7,7.2,1.5,-6.7,-7.2,136017,133999
Illinois 18th,IL-18,Illinois,60.6477613832122,33.2557456198471,37.402127890676,60.6592541692851,44.7817769798993,55.2182230201007,-15.7,-13.8,-8.9,15.7,13.8,8.9,210529,115442
Indiana 1st,IN-01,Indiana,41.5068452093525,54.0683288764266,61.1896998016607,37.3876357279726,63.8899289885633,36.1100710114367,5.5,10.1,10.2,-5.5,-10.1,-10.2,124638,162358
Indiana 2nd,IN-02,Indiana,59.2643733147778,36.058681975008,42.1445444400968,56.0993724910511,50.1199214058849,49.8800785941151,-13.3,-9.1,-3.6,13.3,9.1,3.6,163527,99496
Indiana 3rd,IN-03,Indiana,65.1066548065926,30.118520604589,35.6974003502407,62.5378179931832,43.4303063569934,56.5696936430066,-19.5,-15.6,-10.3,19.5,15.6,10.3,189573,87697
Indiana 4th,IN-04,Indiana,64.2927539107716,30.1828885140722,36.8670037402293,60.8752708626842,45.1311819846999,54.8688180153001,-19.2,-14.2,-8.6,19.2,14.2,8.6,194402,91264
Indiana 5th,IN-05,Indiana,53.0820938215103,41.2782190635452,40.7113527099499,57.4997442754227,46.9433611557171,53.0566388442829,-7.4,-10.5,-6.7,7.4,10.5,6.7,192998,150081
Indiana 6th,IN-06,Indiana,67.6990886297608,27.3603427919502,37.2759417019144,60.4343270453916,44.2394644607232,55.7605355392768,-22.3,-13.8,-9.4,22.3,13.8,9.4,204129,82498
Indiana 7th,IN-07,Indiana,36.1770547621299,59.0239288754374,62.894564205837,35.3463926648054,66.8886822510074,33.1113177489926,10.9,12.1,13.2,-10.9,-12.1,-13.2,95625,156015
Indiana 8th,IN-08,Indiana,64.6022732942808,30.8840699751514,39.6066708835792,58.3729519067926,48.7536664083422,51.2463335916578,-18.8,-11.5,-4.9,18.8,11.5,4.9,194208,92844
Indiana 9th,IN-09,Indiana,61.0543185145235,34.1582556437322,40.6855862091697,57.1650351033323,46.7463002453142,53.2536997546858,-15.2,-10.4,-6.9,15.2,10.4,6.9,198106,110835
Kansas 1st,KS-01,Kansas,69.287365351785,24.3193938753003,27.6393712747795,70.0642987315722,31.5770888283536,68.4229111716464,-25.1,-23.7,-22.1,25.1,23.7,22.1,183448,64389
Kansas 2nd,KS-02,Kansas,55.8079125473099,37.4068599762563,42.2327593820347,55.3783297060464,46.1513129771476,53.8486870228524,-11,-8.7,-7.5,11,8.7,7.5,165000,110596
Kansas 3rd,KS-03,Kansas,45.9997602107806,47.2206382487199,44.3002124144442,53.8255780880279,49.4258759634574,50.5741240365426,-.5,-6.8,-4.3,.5,6.8,4.3,157304,161479
Kansas 4th,KS-04,Kansas,60.1958863145472,32.978324294201,36.101543898531,61.6035729795295,40.2627528190442,59.7372471809558,-15.7,-15,-13.4,15.7,15,13.4,165266,90541
Kentucky 1st,KY-01,Kentucky,72.4001688693808,23.9056522902104,32.1010896809725,66.4017103249397,37.4394302651412,62.5605697348588,-26.3,-19.4,-16.2,26.3,19.4,16.2,224657,74179
Kentucky 2nd,KY-02,Kentucky,67.5327876935213,27.5992875456069,35.1474430694863,63.2753880002304,37.6803683311183,62.3196316688817,-22.1,-16.3,-16,22.1,16.3,16,219152,89563
Kentucky 3rd,KY-03,Kentucky,39.9108348061863,54.860414712257,55.7311603007409,42.7965004917948,56.7745044174205,43.2254955825795,6.8,4.6,3.1,-6.8,-4.6,-3.1,135714,186549
Kentucky 4th,KY-04,Kentucky,65.1786005593966,29.264212558839,34.8282429369635,63.3790558157315,37.5760553390035,62.4239446609965,-20.1,-16.5,-16.1,20.1,16.5,16.1,219749,98664
Kentucky 5th,KY-05,Kentucky,79.5874748098842,17.4680206765499,23.2462848761974,75.0210408046231,32.1614826576997,67.8385173423003,-33.1,-28.3,-21.5,33.1,28.3,21.5,221558,48628
Kentucky 6th,KY-06,Kentucky,54.6950260050689,39.419300205398,42.1625511354273,55.7881236290634,45.500882373239,54.499117626761,-9.2,-8.9,-8.2,9.2,8.9,8.2,182141,131271
Louisiana 1st,LA-01,Louisiana,68.7010844867343,26.6967196099663,26.8584628749039,70.8503170227886,25.85282774719,74.14717225281,-23.1,-24.5,-27.8,23.1,24.5,27.8,244907,95169
Louisiana 2nd,LA-02,Louisiana,22.2425550644856,74.6121518712579,75.8383782261212,22.8119448815131,74.2470615305572,25.7529384694428,25.9,24.9,20.6,-25.9,-24.9,-20.6,73779,247490
Louisiana 3rd,LA-03,Louisiana,67.3469863712557,29.2226514102471,32.260137029083,66.0995401356971,34.6459839768017,65.3540160231983,-20.9,-19.2,-19,20.9,19.2,19,231017,100241
Louisiana 4th,LA-04,Louisiana,60.5965546909835,36.6131594978365,39.6644336458965,59.0334279131258,40.4241221461587,59.5758778538413,-13.4,-11.8,-13.3,13.4,11.8,13.3,192977,116599
Louisiana 5th,LA-05,Louisiana,63.4670030827837,34.0927432446221,37.6601578796322,61.013327931565,37.1809696127301,62.8190303872699,-16.2,-13.8,-16.5,16.2,13.8,16.5,205258,110259
Louisiana 6th,LA-06,Louisiana,64.812291579459,31.0141002553722,31.9600052097935,66.1476241720736,31.4082854661527,68.5917145338473,-18.7,-19.4,-22.3,18.7,19.4,22.3,230700,110395
Massachusetts 1st,MA-01,Massachusetts,36.5291784301822,57.1827681934187,63.9607645694352,34.2662686781868,65.53873498218,34.46126501782,9.9,13.2,11.9,-9.9,-13.2,-11.9,123953,194036
Massachusetts 2nd,MA-02,Massachusetts,36.8322505925907,56.1978015098613,58.7045225214094,39.1841045419377,61.7570709325779,38.2429290674221,9.3,8,8.1,-9.3,-8,-8.1,129437,197492
Massachusetts 3rd,MA-03,Massachusetts,35.3872901025066,58.2253423340974,56.908012315086,41.4114290005256,59.9019277583215,40.0980722416785,11.1,5.9,6.2,-11.1,-5.9,-6.2,123347,202952
Massachusetts 4th,MA-04,Massachusetts,35.0226708961225,59.1921250396184,57.2441646855414,41.2916036308623,61.4179901875773,38.5820098124227,11.7,6.1,7.7,-11.7,-6.1,-7.7,133705,225976
Massachusetts 5th,MA-05,Massachusetts,25.6820652319423,69.3197821675083,65.1866093206598,33.1297494841345,67.3393863512326,32.6606136487674,21.9,14.3,13.7,-21.9,-14.3,-13.7,95922,258908
Massachusetts 6th,MA-06,Massachusetts,38.2110780309491,56.0678824872957,54.7444991594772,43.8894899795744,57.8864482015797,42.1135517984203,8.4,3.5,4.2,-8.4,-3.5,-4.2,153244,224858
Massachusetts 7th,MA-07,Massachusetts,11.9288995459348,84.135206117792,82.4581052958863,15.6431627630896,83.0888033886066,16.9111966113935,36.5,32.1,29.4,-36.5,-32.1,-29.4,36018,254037
Massachusetts 8th,MA-08,Massachusetts,34.3740288365364,60.4193598090448,57.78479521394,40.8475269405453,58.7937284859852,41.2062715140148,12.6,6.6,5.1,-12.6,-6.6,-5.1,131624,231356
Massachusetts 9th,MA-09,Massachusetts,41.8215181106548,52.5394273797628,55.5371041988151,43.1375313651306,58.7194533762058,41.2805466237942,4.6,4.3,5,-4.6,-4.3,-5,163643,205581
Maryland 1st,MD-01,Maryland,61.8957069881319,33.4804364731518,37.7830096579124,60.2941800678572,39.1766531120743,60.8233468879257,-16,-13.4,-14.5,16,13.4,14.5,225249,121841
Maryland 2nd,MD-02,Maryland,35.6316579191493,60.1542800575282,62.9034225120674,35.139159905515,61.7680486073384,38.2319513926616,11.7,12.2,8.1,-11.7,-12.2,-8.1,114461,193236
Maryland 3rd,MD-03,Maryland,32.1350889183188,62.9112348175267,60.6334908709239,37.1920159870017,61.2749184938155,38.7250815061845,15.1,10,7.6,-15.1,-10,-7.6,113317,221842
Maryland 4th,MD-04,Maryland,19.2023991639277,77.7229147418324,78.2831604482063,20.6978828582179,78.013755192869,21.986244807131,29.1,27.1,24.3,-29.1,-27.1,-24.3,63390,256575
Maryland 5th,MD-05,Maryland,32.5995700957719,63.5822163701228,66.1954133092917,32.2978531582803,65.937883547253,34.062116452747,15,15.2,12.2,-15,-15.2,-12.2,115868,225989
Maryland 6th,MD-06,Maryland,39.7060339318477,55.8105565093959,55.4152774599012,42.6022033489419,57.2644372944326,42.7355627055674,7.3,4.6,3.6,-7.3,-4.6,-3.6,134827,189512
Maryland 7th,MD-07,Maryland,20.4757801380673,75.4548183147275,75.9688215473996,22.5072471200051,77.2784621665843,22.7215378334157,27.5,25.2,23.6,-27.5,-25.2,-23.6,63444,233796
Maryland 8th,MD-08,Maryland,30.9447784653601,64.612987612526,61.9797760904351,36.0832860920827,63.8519971902703,36.1480028097297,16.5,11.2,10.2,-16.5,-11.2,-10.2,112613,235137
Maine 1st,ME-01,Maine,39.2596283650656,54.0935010919223,59.5700851772502,38.1801463438436,61.8104300611252,38.1895699388748,6.8,9,8.1,-6.8,-9,-8.1,154425,212773
Maine 2nd,ME-02,Maine,51.4183702719808,41.1425295381463,52.9529029592578,44.3593441887448,55.7206419378913,44.2793580621087,-6.7,2.5,2,6.7,-2.5,-2,181168,144962
Michigan 1st,MI-01,Michigan,57.897310329365,36.5903007435933,45.2931558998423,53.5508678978366,50.6562202598322,49.3437797401678,-12.4,-6.1,-3,12.4,6.1,3,210822,133237
Michigan 2nd,MI-02,Michigan,55.7562566616098,38.2281419651919,43.0565571619349,55.9889795780777,48.8254858257296,51.1745141742704,-10.4,-8.5,-4.9,10.4,8.5,4.9,193198,132462
Michigan 3rd,MI-03,Michigan,51.6021009448857,42.1556917032893,45.7689934094028,53.1464400144646,50.5400901357833,49.4599098642167,-6.2,-5.7,-3.1,6.2,5.7,3.1,180344,147330
Michigan 4th,MI-04,Michigan,59.4999120436035,34.6749794479675,45.4515648452294,53.4711115256592,50.5345527432282,49.4654472567718,-14.3,-6,-3.2,14.3,6,3.2,195302,113817
Michigan 5th,MI-05,Michigan,45.4775987792615,49.7481430143533,60.7140383414133,38.3233028312178,64.0671632467788,35.9328367532212,1.1,9.3,10.4,-1.1,-9.3,-10.4,148972,162961
Michigan 6th,MI-06,Michigan,51.3017294010608,42.8648447872059,48.8325768128448,50.1717476359161,54.0277643289113,45.9722356710887,-5.6,-2.6,.3,5.6,2.6,-.3,170314,142305
Michigan 7th,MI-07,Michigan,55.7223869049821,38.6552707876422,47.9211312801027,51.0119616728323,51.7317693924975,48.2682306075025,-10.2,-3.5,-2,10.2,3.5,2,189655,131566
Michigan 8th,MI-08,Michigan,50.6419214439632,43.8533421518636,47.9747488119957,51.1467551108572,52.8697702780731,47.1302297219269,-4.7,-3.6,-.8,4.7,3.6,.8,189891,164436
Michigan 9th,MI-09,Michigan,43.7376142301779,51.4643669308027,57.1956988261451,41.884299225548,59.1794452470863,40.8205547529137,2.9,5.8,5.5,-2.9,-5.8,-5.5,155597,183085
Michigan 10th,MI-10,Michigan,63.7732650981255,31.6013687045342,43.7433434236578,55.3030042881085,48.9671319588638,51.0328680411362,-18,-7.8,-4.7,18,7.8,4.7,228171,113065
Michigan 11th,MI-11,Michigan,49.6884320817751,45.3136910821997,46.9350248369582,52.327742829838,50.950387233785,49.049612766215,-3.4,-4.7,-2.7,3.4,4.7,2.7,194245,177143
Michigan 12th,MI-12,Michigan,34.4852319177927,60.8344627296304,66.2080564207855,32.777998616538,68.0614886355722,31.9385113644278,12.7,14.9,14.4,-12.7,-14.9,-14.4,116741,205939
Michigan 13th,MI-13,Michigan,18.1316258578519,78.805546029102,85.1591600605804,14.2858604740009,85.6761742152842,14.3238257847158,30.2,33.7,32,-30.2,-33.7,-32,48111,209105
Michigan 14th,MI-14,Michigan,18.2521780323826,79.1799868863156,80.9710481168387,18.6061257929841,82.7634794787925,17.2365205212075,30.2,29.4,29.1,-30.2,-29.4,-29.1,58179,252387
Minnesota 1st,MN-01,Minnesota,53.2953281831758,38.385886260346,49.5621996485961,48.2074911858135,52.1214209765164,47.8785790234836,-9.2,-1.3,-1.6,9.2,1.3,1.6,181647,130831
Minnesota 2nd,MN-02,Minnesota,46.5236962372349,45.327571469778,49.0729873123271,49.0129744600171,51.4669549533526,48.5330450466474,-1.8,-1.9,-2.2,1.8,1.9,2.2,175807,171287
Minnesota 3rd,MN-03,Minnesota,41.3742292346754,50.8385221456495,49.608055176263,48.7880358406506,51.8608527675219,48.1391472324781,4,-1.5,-1.8,-4,1.5,1.8,164259,201833
Minnesota 4th,MN-04,Minnesota,30.5686786745497,61.5435171181081,62.483738806091,35.4969043005123,63.8041136358588,36.1958863641412,15.7,11.8,10.1,-15.7,-11.8,-10.1,111163,223803
Minnesota 5th,MN-05,Minnesota,18.4795709536251,73.7192917175607,73.502962760747,23.9919387214363,74.9808260898562,25.0191739101438,28.8,23.4,21.3,-28.8,-23.4,-21.3,68535,273402
Minnesota 6th,MN-06,Minnesota,58.9156941557689,33.2470676403907,41.5406842602562,56.4866290184359,44.1412372613751,55.8587627386249,-15,-9.6,-9.5,15,9.6,9.5,218546,123329
Minnesota 7th,MN-07,Minnesota,61.7839497930298,31.0280262904111,44.1338562685011,53.8669024455085,48.3403626659042,51.6596373340958,-17.7,-6.9,-5.3,17.7,6.9,5.3,208215,104566
Minnesota 8th,MN-08,Minnesota,54.2026920604531,38.5874056985749,51.7004072118858,46.2236703327732,54.3563971568192,45.6436028431808,-9.5,.8,.7,9.5,-.8,-.7,194779,138665
Missouri 1st,MO-01,Missouri,18.8156667897349,77.0032477487907,79.8662596307603,18.8941051053362,81.1640103259828,18.8359896740172,29.3,28.9,27.5,-29.3,-28.9,-27.5,60136,246107
Missouri 2nd,MO-02,Missouri,52.5724161572302,42.2896551067436,41.4393664561676,57.1437860797802,46.8493479421888,53.1506520578112,-6.5,-9.9,-6.8,6.5,9.9,6.8,220842,177647
Missouri 3rd,MO-03,Missouri,67.0940170940171,28.0760520105795,36.0521607795714,61.9967149847991,43.3955027614623,56.6044972385377,-21.6,-15.2,-10.3,21.6,15.2,10.3,254183,106365
Missouri 4th,MO-04,Missouri,65.2860795204091,29.3408563284258,36.4138826476906,61.2441250068807,42.5818530128875,57.4181469871125,-20.1,-14.7,-11.1,20.1,14.7,11.1,222162,99844
Missouri 5th,MO-05,Missouri,40.5890457203858,54.0664166689477,58.9035759605856,39.3635298111903,62.7780953970134,37.2219046029866,6,8,9.1,-6,-8,-9.1,133458,177772
Missouri 6th,MO-06,Missouri,63.0977870931658,31.6529854751507,37.9028933919547,60.032556625111,43.7978352429691,56.2021647570309,-17.7,-13.3,-9.9,17.7,13.3,9.9,223375,112056
Missouri 7th,MO-07,Missouri,70.362996939214,24.6789390444618,30.3443765070125,67.5554735014382,35.8988957288071,64.1011042711929,-25.1,-21,-17.8,25.1,21,17.8,240690,84419
Missouri 8th,MO-08,Missouri,75.4262011839534,21.0411362427576,31.9870024684368,65.8775098739411,38.9934104016999,61.0065895983001,-29.3,-19.3,-14.7,29.3,19.3,14.7,239666,66858
Mississippi 1st,MS-01,Mississippi,65.3989559092615,32.4411907423874,37.0134943403774,61.8727069309282,36.9260632605828,63.0739367394172,-18,-14.5,-16.8,18,14.5,16.8,203144,100770
Mississippi 2nd,MS-02,Mississippi,35.1345713200206,63.5522732995649,66.3804709220888,33.0450198612586,64.5729910138124,35.4270089861876,13.3,14.8,10.9,-13.3,-14.8,-10.9,102392,185208
Mississippi 3rd,MS-03,Mississippi,61.3014976124087,36.7784557400578,39.0914489660322,60.0271648057011,38.6947789388001,61.3052210611999,-13.6,-12.5,-15,13.6,12.5,15,198527,119108
Mississippi 4th,MS-04,Mississippi,69.3767970224551,28.2390502901695,31.2391280021973,67.598479530974,31.3828147982126,68.6171852017874,-22.2,-20.4,-22.3,22.2,20.4,22.3,196652,80045
Montana At-Large,MT-01,Montana,56.4663060512613,35.935291441282,41.708132547548,55.3648033194746,48.8305967160593,51.1694032839407,-12.2,-9,-4.9,12.2,9,4.9,279240,177709
North Carolina 1st,NC-01,North Carolina,30.4761152961342,67.5450516486986,68.5564232261252,31.4435767738748,67.6892345218284,32.3107654781716,17.8,16.6,14,-17.8,-16.6,-14,108100,239585
North Carolina 2nd,NC-02,North Carolina,53.2395692492075,43.5914867045852,43.4540045313565,56.5459954686435,45.1871641914827,54.8128358085173,-6.1,-8.5,-8.5,6.1,8.5,8.5,211450,173131
North Carolina 3rd,NC-03,North Carolina,60.5460175185949,36.8682086521277,40.9586476863826,59.0413523136174,42.8076923076923,57.1923076923077,-13.3,-11,-10.9,13.3,11,10.9,198864,121094
North Carolina 4th,NC-04,North Carolina,28.2118036617677,68.241086167652,65.3595496341552,34.6404503658448,66.4369126397153,33.5630873602847,19.6,13.4,12.7,-19.6,-13.4,-12.7,116383,281517
North Carolina 5th,NC-05,North Carolina,57.3560916477433,39.7647637162976,42.8104431704112,57.1895568295888,45.1626856915994,54.8373143084006,-10.2,-9.2,-8.5,10.2,9.2,8.5,205348,142367
North Carolina 6th,NC-06,North Carolina,56.119636731475,41.4445469314733,43.5626189691912,56.4373810308088,45.6988113467634,54.3011886532366,-8.6,-8.4,-8,8.6,8.4,8,201387,148725
North Carolina 7th,NC-07,North Carolina,57.5986007577366,39.9010360204298,43.6226557289782,56.3773442710218,45.0205318158047,54.9794681841953,-10.2,-8.3,-8.7,10.2,8.3,8.7,206150,142809
North Carolina 8th,NC-08,North Carolina,56.1153142491411,41.1289300011472,44.7938103467411,55.2061896532589,45.6957068624883,54.3042931375117,-8.8,-7.2,-8,8.8,7.2,8,185873,136233
North Carolina 9th,NC-09,North Carolina,54.3706090354999,42.7674126459778,44.1552490767955,55.8447509232045,45.5832236139493,54.4167763860507,-7.1,-7.8,-8.1,7.1,7.8,8.1,186974,147072
North Carolina 10th,NC-10,North Carolina,61.0485172241919,36.3922829763088,40.8734083598421,59.1265916401579,42.0276043179398,57.9723956820602,-13.8,-11.1,-11.7,13.8,11.1,11.7,216790,129233
North Carolina 11th,NC-11,North Carolina,63.1775418549395,34.0074988669294,39.5660415719856,60.4339584280144,42.14192684996,57.85807315004,-16.1,-12.4,-11.5,16.1,12.4,11.5,230001,123806
North Carolina 12th,NC-12,North Carolina,28.3904120161315,68.4034901114445,68.4051141022643,31.5948858977357,68.7547609591583,31.2452390408417,19.6,16.4,15.1,-19.6,-16.4,-15.1,101161,243736
North Carolina 13th,NC-13,North Carolina,53.3652511605025,43.9751436714479,46.5669977846066,53.4330022153934,48.4358373494864,51.5641626505136,-5.9,-5.4,-5.3,5.9,5.4,5.3,194170,160004
North Dakota At-Large,ND-01,North Dakota,64.1472587235881,27.7420901104559,38.915162719357,58.6603360071329,45.5913437180319,54.4086562819681,-20.9,-12.1,-8.1,20.9,12.1,8.1,216794,93758
Nebraska 1st,NE-01,Nebraska,57.4646979126667,36.2367141708266,40.795870255977,57.4656867518541,44.8554110174667,55.1445889825333,-12.4,-10.4,-8.8,12.4,10.4,8.8,158629,100030
Nebraska 2nd,NE-02,Nebraska,48.2120254828881,45.9666702897153,45.7300395399094,52.8195060332574,50.5945090640761,49.4054909359239,-2.3,-5.6,-3.1,2.3,5.6,3.1,137506,131102
Nebraska 3rd,NE-03,Nebraska,74.8641905004533,19.9919076270615,27.8199139400106,70.2333625235205,31.6704155955441,68.3295844044559,-30,-23.6,-22,30,23.6,22,199826,53362
New Hampshire 1st,NH-01,New Hampshire,48.1914009887814,46.6012318098357,50.2079526473325,48.602345212605,53.2262711260073,46.7737288739927,-2,-1.2,-.5,2,1.2,.5,179259,173344
New Hampshire 2nd,NH-02,New Hampshire,46.2208640721189,48.6219587337008,54.1581457789964,44.512169107504,56.5098279572958,43.4901720427042,.2,2.9,2.8,-.2,-2.9,-2.8,166531,175182
New Jersey 1st,NJ-01,New Jersey,36.1131025432276,60.5690365383914,65.0763183231432,33.844064096353,65.4161063442383,34.5838936557617,11.5,13.8,11.7,-11.5,-13.8,-11.7,118880,199386
New Jersey 2nd,NJ-02,New Jersey,50.6180608341329,45.9981807080286,53.5336035215677,45.3781211737618,53.8671990535345,46.1328009464655,-3.5,2.2,.2,3.5,-2.2,-.2,162486,147656
New Jersey 3rd,NJ-03,New Jersey,51.3916876574307,45.2004161647136,51.7703377453836,47.1941508091463,51.7437145174371,48.2562854825629,-4.3,.3,-1.9,4.3,-.3,1.9,187703,165090
New Jersey 4th,NJ-04,New Jersey,55.7679418256058,40.9977480698743,44.6832845800739,54.2490828164333,45.7763835346343,54.2236164653657,-8.7,-6.8,-7.9,8.7,6.8,7.9,198859,146191
New Jersey 5th,NJ-05,New Jersey,48.8439013016226,47.7205831927471,47.9369861309267,50.9439573012478,48.9776322362213,51.0223677637787,-1.7,-3.5,-4.7,1.7,3.5,4.7,178058,173963
New Jersey 6th,NJ-06,New Jersey,40.6282798431199,56.2258327349058,61.4440578529084,37.4047203236248,59.0751064787562,40.9248935212438,6.9,10.2,5.4,-6.9,-10.2,-5.4,117679,162857
New Jersey 7th,NJ-07,New Jersey,47.4676526943529,48.5828543133329,46.3393251365484,52.4790983138374,47.7789299161034,52.2210700838966,-.5,-5.1,-5.9,.5,5.1,5.9,176386,180530
New Jersey 8th,NJ-08,New Jersey,21.475084444754,75.6668523870878,78.2569155025379,20.7576285067386,73.7827993411131,26.2172006588869,26.8,27.1,20.1,-26.8,-27.1,-20.1,49336,173834
New Jersey 9th,NJ-09,New Jersey,33.1345893950235,64.3041432690848,68.3529338623453,30.7841343843015,64.5045828215062,35.4954171784938,14.9,17,10.8,-14.9,-17,-10.8,91696,177954
New Jersey 10th,NJ-10,New Jersey,12.7950876425786,85.2089938413323,87.9136924923832,11.5191631836852,85.3586878408274,14.6413121591726,35.8,36.5,31.7,-35.8,-36.5,-31.7,35111,233822
New Jersey 11th,NJ-11,New Jersey,48.7909720306362,47.90761833445,46.5912369702853,52.3710775030991,47.4148842684038,52.5851157315962,-1.6,-4.9,-6.3,1.6,4.9,6.3,185696,182334
New Jersey 12th,NJ-12,New Jersey,31.7832929859006,65.0200466378198,66.4905271926642,32.4211644422139,66.3730864960713,33.6269135039287,16.1,15.3,12.7,-16.1,-15.3,-12.7,100043,204661
New Mexico 1st,NM-01,New Mexico,35.113090437283,51.6358663253498,55.2508017505626,39.5999220397243,60.4912185344974,39.5087814655026,8.4,6.3,6.8,-8.4,-6.3,-6.8,100132,147250
New Mexico 2nd,NM-02,New Mexico,50.0698434396292,39.8825263247827,44.8967190558659,51.7242427004527,49.1072354368429,50.8927645631571,-6.8,-5.5,-4.6,6.8,5.5,4.6,117211,93363
New Mexico 3rd,NM-03,New Mexico,36.6679447990167,51.8256388571347,57.521637638243,38.6733832157568,62.0037494097499,37.9962505902501,7.5,7.8,8.3,-7.5,-7.8,-8.3,102323,144621
Nevada 1st,NV-01,Nevada,32.6320869741922,61.634322292217,65.6443300504249,32.4015149008278,66.1225131116987,33.8774868883013,14.3,15,12.4,-14.3,-15,-12.4,64233,121321
Nevada 2nd,NV-02,Nevada,52.0322933888734,39.6667597105619,44.8220482848369,52.8789223759634,50.6160638515002,49.3839361484999,-7.9,-6.1,-3.1,7.9,6.1,3.1,169631,129318
Nevada 3rd,NV-03,Nevada,47.5473123629462,46.5451686414703,49.5322262729501,48.7344281928247,54.5610721143008,45.4389278856992,-1.6,-1.6,.9,1.6,1.6,-.9,154815,151552
Nevada 4th,NV-04,Nevada,44.5524533098378,49.4959051319457,54.4277210695931,43.714427614077,57.6482225711726,42.3517774288274,1.5,3.5,4,-1.5,-3.5,-4,123380,137070
New York 1st,NY-01,New York,54.462796898082,42.1772872781531,49.6183283559879,49.0795574841125,51.879509546007,48.120490453993,-7.5,-1.7,-1.8,7.5,1.7,1.8,183233,141900
New York 2nd,NY-02,New York,52.957361643993,43.9470643437626,51.6450710217375,47.2344982634241,51.6986104535477,48.3013895464523,-5.8,.3,-2,5.8,-.3,2,165908,137680
New York 3rd,NY-03,New York,45.4542031713851,51.6365216132069,50.7643172741255,48.2060342040552,53.970123349656,46.029876650344,2.1,-.7,.3,-2.1,.7,-.3,156942,178288
New York 4th,NY-04,New York,43.7839025447506,53.3964152002161,56.312009321074,42.7594533280973,55.7428013914654,44.2571986085346,3.8,4.9,2.1,-3.8,-4.9,-2.1,147469,179845
New York 5th,NY-05,New York,12.6829742347982,85.7086746490337,90.5941689781348,9.1006701295521,86.3893649931023,13.6106350068977,36,38.9,32.7,-36,-38.9,-32.7,31322,211667
New York 6th,NY-06,New York,32.0751622162723,65.1132498733628,67.8144149401809,31.047023095462,63.9685590753381,36.0314409246619,15.9,16.6,10.3,-15.9,-16.6,-10.3,66487,134970
New York 7th,NY-07,New York,10.3671389376593,86.8887334758134,88.3499177699885,10.338831946221,84.9816301319315,15.0183698680685,38.2,37.6,31.3,-38.2,-37.6,-31.3,21198,177664
New York 8th,NY-08,New York,13.476640646452,84.6071470599773,89.2573152850677,10.1442869589239,86.3344537884785,13.6655462115215,35.1,37.8,32.6,-35.1,-37.8,-32.6,34356,215689
New York 9th,NY-09,New York,14.4214288247324,83.4598820279839,85.2780456444873,13.8411251236709,84.5007023239434,15.4992976760566,34.2,34.1,30.8,-34.2,-34.1,-30.8,36600,211812
New York 10th,NY-10,New York,18.774551909752,78.3042241691958,73.6363597813596,25.0155838538553,76.3566797581198,23.6433202418802,29.5,22.7,22.7,-29.5,-22.7,-22.7,49179,205114
New York 11th,NY-11,New York,53.6237658830301,43.793090957389,51.5942259253894,47.3206817109131,48.6810259797255,51.3189740202745,-6.2,.2,-5,6.2,-.2,5,133232,108807
New York 12th,NY-12,New York,13.4838013873819,83.2823410196508,76.9238527860377,21.5079270206058,80.9456278941254,19.0543721058746,35,26.2,27.3,-35,-26.2,-27.3,41383,255601
New York 13th,NY-13,New York,5.4387403771103,92.286632355097,94.6390436046888,4.55504407063381,93.8327766422387,6.16722335776127,43.3,43.4,40.1,-43.3,-43.4,-40.1,13727,232925
New York 14th,NY-14,New York,19.7821703954895,77.6752871646753,80.673185807304,18.2705010852128,76.6114733389603,23.3885266610397,28.6,29.6,22.9,-28.6,-29.6,-22.9,38560,151407
New York 15th,NY-15,New York,4.89646415825857,93.7669489975599,96.7464390359568,3.0006379531302,94.7843006448744,5.21569935512564,43.9,45,41.1,-43.9,-45,-41.1,9371,179454
New York 16th,NY-16,New York,22.4609168038317,75.1089667059912,73.6948031096208,25.5300320371601,73.4067054562049,26.5932945437951,25.9,22.3,19.7,-25.9,-22.3,-19.7,63590,212644
New York 17th,NY-17,New York,38.4447866256049,58.5874552196594,57.0718170114911,41.8442872136983,58.4804436172063,41.5195563827937,9.3,5.7,4.8,-9.3,-5.7,-4.8,122339,186437
New York 18th,NY-18,New York,49.0045256156287,47.084118471276,51.4311054885972,47.1456956829636,52.639790758952,47.360209241048,-2.1,.2,-1,2.1,-.2,1,152137,146175
New York 19th,NY-19,New York,50.794505453225,43.987365547639,52.1150597798833,45.8513684710602,53.9008114423802,46.0991885576198,-4.7,1.2,.2,4.7,-1.2,-.2,162260,140515
New York 20th,NY-20,New York,40.4687346195492,53.9515454276996,59.1876380812108,38.7992330937809,59.4096946644903,40.5903053355097,6,8.4,5.7,-6,-8.4,-5.7,131559,175390
New York 21st,NY-21,New York,53.85130154095,39.9945605107394,52.2433703216099,46.0677073537709,52.5031648004252,47.4968351995748,-8.5,1.2,-1.2,8.5,-1.2,1.2,150481,111760
New York 22nd,NY-22,New York,54.8062796167668,39.3220993674859,48.7603574095384,49.2394045098244,49.9739061631959,50.0260938368041,-9.3,-2.2,-3.7,9.3,2.2,3.7,158913,114016
New York 23rd,NY-23,New York,54.5337622796219,39.6568429691083,48.3760757843339,49.5906331372273,50.4188385150423,49.5811614849577,-9,-2.6,-3.3,9,2.6,3.3,158155,115010
New York 24th,NY-24,New York,45.2931873715867,48.9415828942166,57.0492414036278,41.0929376191284,57.2155213657996,42.7844786342004,.8,6.2,3.5,-.8,-6.2,-3.5,139763,151021
New York 25th,NY-25,New York,39.1433419438264,55.5167358237996,58.7730940917941,39.4100559078928,59.560346436815,40.439653563185,7.5,7.9,5.9,-7.5,-7.9,-5.9,128955,182896
New York 26th,NY-26,New York,37.9575614242544,57.5929575614242,63.9449978173737,34.3079090440097,64.4320355497322,35.5679644502678,9.2,13.1,10.7,-9.2,-13.1,-10.7,115558,175336
New York 27th,NY-27,New York,59.6564790836366,35.2120474561803,42.8898380799687,55.2899384385671,45.1982280503854,54.8017719496146,-14,-8.3,-8.5,14,8.3,8.5,206866,122102
Ohio 1st,OH-01,Ohio,51.211330290592,44.5583550375453,46.2591414026123,52.3948480856342,47.6972915855625,52.3027084144375,-4.6,-5.1,-6,4.6,5.1,6,185025,160988
Ohio 2nd,OH-02,Ohio,55.7607335685382,39.6691164038459,43.6551931765359,54.7450602169761,44.9852809527952,55.0147190472048,-9.5,-7.6,-8.7,9.5,7.6,8.7,197877,140773
Ohio 3rd,OH-03,Ohio,28.5922554153205,66.987633493021,69.6524551189053,28.8983760361477,68.255780200713,31.744219799287,19,18.7,14.6,-19,-18.7,-14.6,89824,210445
Ohio 4th,OH-04,Ohio,64.2896306153126,30.6920110396491,42.0132745884873,55.9798790147057,44.5130167228834,55.4869832771166,-18.8,-9.1,-9.2,18.8,9.1,9.2,208715,99641
Ohio 5th,OH-05,Ohio,59.6881743153961,34.5944653304563,44.0798779078891,53.8804086851563,46.8699427723091,53.1300572276909,-14.4,-7,-6.8,14.4,7,6.8,214653,124410
Ohio 6th,OH-06,Ohio,69.3148870225955,26.7171565686863,42.6712477378276,55.1958193680592,45.7028710891988,54.2971289108012,-23.3,-8.4,-8,23.3,8.4,8,221852,85512
Ohio 7th,OH-07,Ohio,62.493539816014,32.8341511166238,44.2273452402107,53.7077998761524,47.9211799537839,52.0788200462161,-16.7,-6.8,-5.8,16.7,6.8,5.8,205565,108004
Ohio 8th,OH-08,Ohio,65.1198272969937,30.6101492188981,36.4457966435003,61.9061477459079,38.7521968365554,61.2478031634446,-19.1,-14.9,-14.9,19.1,14.9,14.9,223221,104927
Ohio 9th,OH-09,Ohio,36.5331255904924,58.7154199333676,67.5511915502537,30.8669368958711,67.8813136816462,32.1186863183538,10.5,16.7,14.2,-10.5,-16.7,-14.2,110204,177118
Ohio 10th,OH-10,Ohio,51.3247420163651,44.0354298482686,48.2281226537736,50.1442299657862,50.0017737028093,49.9982262971907,-4.9,-2.9,-3.7,4.9,2.9,3.7,178703,153323
Ohio 11th,OH-11,Ohio,17.0175780464644,80.5125873412084,82.7383131173687,16.5463888231861,82.6571676291122,17.3428323708878,31.4,31.4,29,-31.4,-31.4,-29,55018,260298
Ohio 12th,OH-12,Ohio,53.1614159301176,41.8935702684628,43.894580019702,54.3664052803431,45.4385509035199,54.5614490964801,-7,-7.3,-8.2,7,7.3,8.2,205883,162245
Ohio 13th,OH-13,Ohio,44.6421593299925,51.12996558052,62.9458706292971,35.415489775133,63.5018865767208,36.4981134232792,2.3,12,9.8,-2.3,-12,-9.8,142800,163553
Ohio 14th,OH-14,Ohio,53.5873091525534,42.1372747607468,47.5789848235487,50.8875913646051,49.8313472717786,50.1686527282214,-7.1,-3.6,-3.9,7.1,3.6,3.9,197884,155602
Ohio 15th,OH-15,Ohio,55.3417372464054,39.8587467289457,46.3398261956379,51.8628843693643,46.8797052466673,53.1202947533327,-9.2,-4.8,-6.8,9.2,4.8,6.8,196679,141654
Ohio 16th,OH-16,Ohio,56.1497355200265,39.4949530551436,45.1908271824344,53.352583242502,47.9326556139756,52.0673443860244,-9.8,-6.1,-5.8,9.8,6.1,5.8,207101,145672
Oklahoma 1st,OK-01,Oklahoma,61.4251410887752,32.6661444723376,34.2245598401571,65.7754401598429,35.829876105972,64.170123894028,-16.4,-17.7,-17.9,16.4,17.7,17.9,191343,101757
Oklahoma 2nd,OK-02,Oklahoma,72.8929091684937,22.8152911228499,32.1931932646473,67.8068067353527,34.2917990076258,65.7082009923742,-27.3,-19.8,-19.4,27.3,19.8,19.4,198155,62022
Oklahoma 3rd,OK-03,Oklahoma,73.6419498529397,20.8505301328826,26.079574102085,73.920425897915,27.072298795864,72.927701204136,-29,-25.9,-26.6,29,25.9,26.6,216078,61179
Oklahoma 4th,OK-04,Oklahoma,65.7135894728292,28.3107248260363,32.8847348752084,67.1022381094433,33.8949121376654,66.1050878623346,-21,-19.1,-19.8,21,19.1,19.8,194160,83648
Oklahoma 5th,OK-05,Oklahoma,53.2125188327439,39.8093039987748,40.7951485629466,59.2178329534602,40.7599832740958,59.2400167259042,-8.3,-11.2,-12.9,8.3,11.2,12.9,149400,111769
Oregon 1st,OR-01,Oregon,34.5360137767755,57.3366817099717,57.2764312067992,40.0052913312905,61.2243711258679,38.7756288741321,11.3,6.9,7.5,-11.3,-6.9,-7.5,132160,219412
Oregon 2nd,OR-02,Oregon,56.5338176595616,36.4447624364125,40.4587678492438,56.8307780376601,44.5607694245823,55.4392305754177,-11.9,-10.4,-9.1,11.9,10.4,9.1,215711,139059
Oregon 3rd,OR-03,Oregon,22.4642037654933,70.7272472219717,72.026907516367,24.6822911731542,74.9957102352425,25.0042897647575,24.8,22.5,21.3,-24.8,-22.5,-21.3,89678,282346
Oregon 4th,OR-04,Oregon,45.9987857328714,46.1401101003556,51.7404785424213,44.9816156294589,55.9423743961867,44.0576256038133,-1,1.5,2.3,1,-1.5,-2.3,180318,180872
Oregon 5th,OR-05,Oregon,44.0763143654667,48.3305562847912,50.4851106631997,47.1138138998925,54.505085565032,45.494914434968,1.2,-.2,.8,-1.2,.2,-.8,164536,180417
Pennsylvania 1st,PA-01,Pennsylvania,18.2256301389395,79.5057112529903,82.2563885273852,16.8850821706365,79.2869023204741,20.7130976795259,30.2,31,25.6,-30.2,-31,-25.6,57521,250924
Pennsylvania 2nd,PA-02,Pennsylvania,7.59068142234338,90.4169235928558,90.4085627531986,8.95291607358883,91.241852352162,8.758147647838,41.1,39,37.6,-41.1,-39,-37.6,28067,334322
Pennsylvania 3rd,PA-03,Pennsylvania,61.0605083851784,35.028361859699,43.0463473477968,55.6001781687021,46.9763884666138,53.0236115333862,-14.7,-8.3,-6.7,14.7,8.3,6.7,197960,113563
Pennsylvania 4th,PA-04,Pennsylvania,58.6296492041324,37.1322194238338,41.5061480799286,57.0733221506836,45.5810997060989,54.4189002939011,-12.3,-9.9,-8.1,12.3,9.9,8.1,198571,125762
Pennsylvania 5th,PA-05,Pennsylvania,62.3079298281356,33.4681976042758,41.3526494435879,56.9521933891459,47.7829588808817,52.2170411191183,-16.2,-9.9,-5.9,16.2,9.9,5.9,195736,105138
Pennsylvania 6th,PA-06,Pennsylvania,47.5751178931717,48.1989070801022,48.1199082358605,50.5743959489207,53.5758411631181,46.4241588368819,-.8,-3.2,-.1,.8,3.2,.1,175340,177639
Pennsylvania 7th,PA-07,Pennsylvania,46.9678184185392,49.3346516919079,48.5293513704425,50.3645478265393,51.7342510204246,48.2657489795754,.1,-2.9,-2,-.1,2.9,2,181455,190599
Pennsylvania 8th,PA-08,Pennsylvania,48.2157483366708,47.9775208319876,49.3470405364556,49.4177581678864,53.7987462633172,46.2012537366828,-1.2,-2,.1,1.2,2,-.1,186607,185685
Pennsylvania 9th,PA-09,Pennsylvania,69.7467125584679,27.2157339582986,35.8690525385527,62.8194519787843,41.4232057728952,58.5767942271048,-23,-15.6,-12.3,23,15.6,12.3,213381,83263
Pennsylvania 10th,PA-10,Pennsylvania,66.0665734483026,30.1794453507341,38.4562070578648,60.1061790386991,42.8440264777265,57.1559735222735,-19.8,-12.9,-10.8,19.8,12.9,10.8,204114,93240
Pennsylvania 11th,PA-11,Pennsylvania,60.0159231675819,36.1976228089972,44.5671840622869,53.9036099031082,47.6601680451621,52.3398319548379,-13.5,-6.7,-6,13.5,6.7,6,191470,115482
Pennsylvania 12th,PA-12,Pennsylvania,58.6566025681626,37.8593321014818,40.9438044896574,57.8148976487082,45.2519940053548,54.7480059946452,-11.9,-10.5,-8.4,11.9,10.5,8.4,213005,137482
Pennsylvania 13th,PA-13,Pennsylvania,31.732928497347,65.315276045033,66.1700375850062,32.9060500546805,65.9770721179495,34.0229278820505,16.2,14.8,12.3,-16.2,-14.8,-12.3,105558,217268
Pennsylvania 14th,PA-14,Pennsylvania,30.532479602251,66.0117340509844,67.9878104012742,30.6356167371323,67.7192033684118,32.2807966315882,17.3,17,14,-17.3,-17,-14,107100,231552
Pennsylvania 15th,PA-15,Pennsylvania,51.8402718675064,44.2202771830178,47.8742809948528,50.7782651531656,52.7768672367538,47.2231327632462,-5.1,-3.4,-.9,5.1,3.4,.9,173597,148080
Pennsylvania 16th,PA-16,Pennsylvania,51.0262791820049,44.2200625199121,46.2516703862309,52.354945539428,50.5998323264046,49.4001676735954,-4.7,-5.1,-3.1,4.7,5.1,3.1,161763,140186
Pennsylvania 17th,PA-17,Pennsylvania,53.3954683607049,43.2749377127875,55.3827719575865,43.2607465659379,57.5946065516399,42.4053934483601,-6.3,4.2,3.9,6.3,-4.2,-3.9,163734,132700
Pennsylvania 18th,PA-18,Pennsylvania,58.0576900757631,38.5171809758244,40.990630451727,57.9449834808505,44.1992505609403,55.8007494390597,-11.2,-10.5,-9.5,11.2,10.5,9.5,215102,142705
Rhode Island 1st,RI-01,Rhode Island,34.9395694904588,60.4684521275611,66.2099990452597,32.1769576912777,67.6923561746208,32.3076438253792,12.3,15.3,14,-12.3,-15.3,-14,75510,130682
Rhode Island 2nd,RI-02,Rhode Island,44.0225660026238,51.0681548604504,59.8357855010414,38.2854739727976,60.9619113140284,39.0380886859716,2.6,9,7.3,-2.6,-9,-7.3,105033,121843
South Carolina 1st,SC-01,South Carolina,53.4656973584248,40.4433954615475,40.1956630736177,58.2514222788533,43.2388198667404,56.7611801332596,-8,-11.1,-10.4,8,11.1,10.4,178052,134685
South Carolina 2nd,SC-02,South Carolina,56.2926829268293,38.5736905237905,39.4297143269576,59.1438757005985,39.8492380466803,60.1507619533197,-10.5,-12,-13.8,10.5,12,13.8,175985,120591
South Carolina 3rd,SC-03,South Carolina,67.0094391379577,29.0232391295174,33.9457857921324,64.5479719937039,35.599413813448,64.400586186552,-20.9,-17.5,-18.1,20.9,17.5,18.1,190540,82527
South Carolina 4th,SC-04,South Carolina,60.1941361471697,34.4576748070403,36.1994794292131,62.1659869952676,38.3744075473399,61.6255924526601,-14.7,-15.2,-15.3,14.7,15.2,15.3,181634,103975
South Carolina 5th,SC-05,South Carolina,57.2798824297845,38.7952318745918,43.6170084997372,55.1047680922644,44.3781872928951,55.6218127071048,-10.7,-7.8,-9.3,10.7,7.8,9.3,175391,118791
South Carolina 6th,SC-06,South Carolina,30.2573000359755,66.7642253267778,70.8882611025588,28.0816051522654,70.7733093421727,29.2266906578273,17.7,19.7,17.1,-17.7,-19.7,-17.1,80741,178159
South Carolina 7th,SC-07,South Carolina,58.0229817225897,39.1115119854344,44.4316787337525,54.5461722685049,45.8025293095558,54.1974706904442,-10.8,-7.1,-7.9,10.8,7.1,7.9,173046,116645
South Dakota At-Large,SD-01,South Dakota,61.5329944574608,31.7370496180215,39.8667982375367,57.8902665959336,45.7042927658846,54.2957072341154,-17.1,-11.2,-8,17.1,11.2,8,227701,117442
Tennessee 1st,TN-01,Tennessee,76.7131336796074,19.6766016429812,25.6577351173022,72.6852772622223,29.0517722263263,70.9482277736737,-30.7,-25.9,-24.6,30.7,25.9,24.6,203668,52240
Tennessee 2nd,TN-02,Tennessee,65.1139069515805,29.7091935367152,30.8808315826244,67.2925907090387,35.0492952401979,64.9507047598021,-19.8,-20.5,-18.6,19.8,20.5,18.6,188956,86214
Tennessee 3rd,TN-03,Tennessee,65.4467059976778,30.2122934127188,35.0656213123402,63.2769016347417,37.8243877851649,62.1756122148351,-19.5,-16.3,-15.9,19.5,16.3,15.9,180932,83524
Tennessee 4th,TN-04,Tennessee,68.5557990035505,27.417185500141,33.1048437597963,65.3299203297098,36.4009498849923,63.5990501150077,-22.5,-18.3,-17.3,22.5,18.3,17.3,189613,75831
Tennessee 5th,TN-05,Tennessee,38.1919345462686,56.5455536740095,55.8592484636318,42.4513341245821,58.2001354207276,41.7998645792724,8.6,4.9,4.5,-8.6,-4.9,-4.5,105776,156608
Tennessee 6th,TN-06,Tennessee,72.6459641503925,23.6767829994597,29.5047377115311,69.0722842506896,34.0209581887639,65.9790418112361,-26.5,-22,-19.7,26.5,22,19.7,216461,70549
Tennessee 7th,TN-07,Tennessee,67.5152026505603,28.2318279879682,32.896074014643,65.6752772941566,36.8161037672325,63.1838962327675,-21.6,-18.6,-16.9,21.6,18.6,16.9,196848,82313
Tennessee 8th,TN-08,Tennessee,66.3028529824183,30.6820326825585,32.8509685242429,66.1015392022089,35.2579225913409,64.7420774086591,-19.5,-18.8,-18.4,19.5,18.8,18.4,196702,91025
Tennessee 9th,TN-09,Tennessee,19.7748624934226,77.5303234046764,78.3523587612276,20.9170889549239,77.4034870754491,22.5965129245509,28.6,27,23.7,-28.6,-27,-23.7,43970,172391
Texas 1st,TX-01,Texas,72.2322966033251,25.2918184173232,27.4971954891657,71.5730845683021,30.6551480356435,69.3448519643565,-25.2,-24.2,-23,25.2,24.2,23,189604,66389
Texas 2nd,TX-02,Texas,52.3728465881896,43.062478182479,35.5617083852562,62.9461191093445,37.6778682285979,62.3221317714021,-6,-15.9,-16,6,15.9,16,145530,119659
Texas 3rd,TX-03,Texas,54.8010271994374,40.6183288545094,34.2142710442156,64.3220227092685,37.8165498234173,62.1834501765827,-8.5,-17.2,-15.9,8.5,17.2,15.9,174561,129384
Texas 4th,TX-04,Texas,75.4283851741479,21.7921257360632,24.815811153235,74.0089722516135,29.5735579432917,70.4264420567083,-28.7,-26.9,-24.1,28.7,26.9,24.1,210587,60841
Texas 5th,TX-05,Texas,62.6639740477367,34.2703074311986,34.3656104086632,64.5317371126022,37.6689571507464,62.3310428492536,-15.8,-17.2,-16,15.8,17.2,16,145841,79759
Texas 6th,TX-06,Texas,54.191771451857,41.9402724414949,40.7588801985855,57.9148525384661,42.5202336302094,57.4797663697906,-7.5,-10.7,-11.2,7.5,10.7,11.2,148945,115272
Texas 7th,TX-07,Texas,47.104637244081,48.4718702877485,38.5787034913061,59.9044071953188,40.7757263489337,59.2242736510663,-.4,-12.8,-12.9,.4,12.8,12.9,121204,124722
Texas 8th,TX-08,Texas,72.7230522638165,23.9011314846882,21.7467255780648,77.0131449007936,26.3600627242068,73.6399372757932,-26.4,-29.9,-27.3,26.4,29.9,27.3,214605,70532
Texas 9th,TX-09,Texas,18.0311135771192,79.3328168674951,78.0234824203965,21.1481368143579,76.4727020985377,23.5272979014623,30.4,26.7,22.8,-30.4,-26.7,-22.8,34447,151559
Texas 10th,TX-10,Texas,52.3309205954311,43.151304369901,38.809710664258,59.1235525809222,43.1225714755113,56.8774285244887,-5.9,-12.3,-10.6,5.9,12.3,10.6,164912,135984
Texas 11th,TX-11,Texas,77.8027806799003,19.0741782528329,19.5674877930087,79.1708284112292,23.3564769555251,76.6435230444749,-31.4,-32.1,-30.3,31.4,32.1,30.3,193620,47468
Texas 12th,TX-12,Texas,62.9446993360241,32.7385732124475,31.6808498715106,66.8433229527751,35.7801458037552,64.2198541962448,-16.9,-19.8,-17.9,16.9,19.8,17.9,177939,92549
Texas 13th,TX-13,Texas,79.9000192592717,16.8531187459702,18.5240366812608,80.2038815918447,22.4397128305823,77.5602871694177,-33.7,-33.2,-31.2,33.7,33.2,31.2,190838,40253
Texas 14th,TX-14,Texas,58.1632691803889,38.4340556076558,39.4875701910325,59.3426128599243,42.485322411501,57.514677588499,-11.3,-12,-11.2,11.3,12,11.2,153191,101228
Texas 15th,TX-15,Texas,39.9706006791135,56.6582410310374,57.4432940647898,41.5491143104439,57.796509786097,42.203490213903,7.5,6.1,4.1,-7.5,-6.1,-4.1,73689,104454
Texas 16th,TX-16,Texas,27.1594046457559,67.8720445062587,64.1575717534654,34.5045548680549,65.052839412195,34.947160587805,20.3,13.1,11.4,-20.3,-13.1,-11.4,52334,130784
Texas 17th,TX-17,Texas,56.3008581524483,38.8312973245835,37.723749213447,60.3845072496753,41.3967585117131,58.6032414882869,-10.3,-13.5,-12.3,10.3,13.5,12.3,139415,96156
Texas 18th,TX-18,Texas,19.9553315102621,76.4507527467715,76.1280082756103,22.8142145776498,76.9823597307484,23.0176402692516,28.2,25,23.3,-28.2,-25,-23.3,41011,157117
Texas 19th,TX-19,Texas,72.534297042209,23.47242202028,25.0258536225846,73.5878009029273,28.1759880686055,71.8240119313945,-26.7,-26.6,-25.5,26.7,26.6,25.5,165384,53519
Texas 20th,TX-20,Texas,34.286846860135,61.0102695527121,58.9150051907259,39.6837650065217,58.8949583685782,41.1050416314218,12.9,7.8,5.2,-12.9,-7.8,-5.2,74386,132363
Texas 21st,TX-21,Texas,52.4631948410101,42.4886833711715,37.8968247661249,59.836740402618,42.7990593120418,57.2009406879582,-6.4,-13.2,-10.9,6.4,13.2,10.9,188335,152528
Texas 22nd,TX-22,Texas,52.0628991091249,44.1770406516786,36.6926361437091,62.1275628031352,39.07937052442,60.9206294755799,-5.2,-14.8,-14.6,5.2,14.8,14.6,159717,135525
Texas 23rd,TX-23,Texas,46.3665636548311,49.7715730555616,48.0729396869802,50.7438848426453,50.3095299922098,49.6904700077902,.7,-3.3,-3.4,-.7,3.3,3.4,107276,115154
Texas 24th,TX-24,Texas,50.7458254417191,44.4967534231197,37.9934157700337,60.4412237032279,40.9726067176459,59.0273932823541,-4.4,-13.4,-12.7,4.4,13.4,12.7,140128,122872
Texas 25th,TX-25,Texas,55.0846185538036,40.2250320173996,37.8250931475183,59.9242264786361,43.2579218865144,56.7420781134856,-8.9,-13.3,-10.4,8.9,13.3,10.4,172476,125949
Texas 26th,TX-26,Texas,60.8532431771281,34.3530267771457,30.7101931640298,67.6077903919513,35.23565207942,64.76434792058,-15,-20.7,-18.5,15,20.7,18.5,194033,109536
Texas 27th,TX-27,Texas,60.071170429284,36.5192198560378,38.1858090112595,60.5316569623276,40.495371728866,59.504628271134,-13.3,-13.3,-13.2,13.3,13.3,13.2,140787,85589
Texas 28th,TX-28,Texas,38.4506892895016,58.3366914103924,60.3070476673748,38.7104888908577,58.7204912988587,41.2795087011413,9.2,8.9,5,-9.2,-8.9,-5,72518,110023
Texas 29th,TX-29,Texas,25.4493347899612,71.1056404423759,65.9002097457811,32.9927502806764,62.6831595751322,37.3168404248678,22.5,14.7,9,-22.5,-14.7,-9,34011,95027
Texas 30th,TX-30,Texas,18.2741231746492,79.0753519308054,79.6304944120781,19.6463627502097,78.8003471519599,21.1996528480401,30.1,28.2,25.1,-30.1,-28.2,-25.1,40333,174528
Texas 31st,TX-31,Texas,53.5017912420438,40.7571910542242,38.2516047693994,59.5902996942904,43.2536826247071,56.7463173752929,-7.9,-12.9,-10.4,7.9,12.9,10.4,153823,117181
Texas 32nd,TX-32,Texas,46.6416139240506,48.5094217491369,41.4847025572949,57.0009304208695,44.3289457265264,55.6710542734736,-.1,-9.8,-9.4,.1,9.8,9.4,129701,134895
Texas 33rd,TX-33,Texas,23.7456904198129,72.896886304212,71.9505312084993,27.0924634794157,69.1193377787997,30.8806622212003,24.3,20.7,15.4,-24.3,-20.7,-15.4,30787,94513
Texas 34th,TX-34,Texas,37.6620204804354,59.1943896865133,60.7881694323495,38.3269458434496,60.5688954562246,39.4311045437754,10,9.4,6.9,-10,-9.4,-6.9,64767,101796
Texas 35th,TX-35,Texas,30.4802169751117,64.0829411295469,63.0243570375059,34.6271205670371,64.043218717417,35.956781282583,16.7,12.6,10.4,-16.7,-12.6,-10.4,61136,128535
Texas 36th,TX-36,Texas,71.9898446434817,25.2410128631896,25.6978035461022,73.1526038438983,29.8352238603971,70.1647761396029,-25.2,-26,-23.9,25.2,26,23.9,183176,64225
Utah 1st,UT-01,Utah,49.7439755814036,22.3693312699239,20.4164968554967,77.3827503815757,30.2547092297861,69.7452907702139,-20.1,-31.1,-23.4,20.1,31.1,23.4,139503,62733
Utah 2nd,UT-02,Utah,46.008269327703,31.9655691419427,29.2146190649723,67.9907210394944,39.6384141770617,60.3615858229383,-10.1,-21.9,-14,10.1,21.9,14,130525,90686
Utah 3rd,UT-03,Utah,47.1787336637659,23.2685920054635,19.4808467741935,78.2833564034665,30.4256910609423,69.5743089390577,-18.1,-32,-23.3,18.1,32,23.3,136782,67461
Utah 4th,UT-04,Utah,39.0972590340809,32.3809729870074,30.2227857566669,67.1746604569506,42.1626516428068,57.8373483571932,-5.8,-20.9,-11.5,5.8,20.9,11.5,108421,89796
Virginia 1st,VA-01,Virginia,53.6293699040449,41.2181973189236,43.9850660889706,56.0149339110294,45.2829159164075,54.7170840835925,-7.7,-8,-8.4,7.7,8,8.4,211991,162931
Virginia 2nd,VA-02,Virginia,48.8039916777754,45.3991054854423,48.8497529299467,51.1502470700533,49.4201942697544,50.5798057302456,-2.9,-3.1,-4.3,2.9,3.1,4.3,156694,145762
Virginia 3rd,VA-03,Virginia,31.8667252073143,63.6153384741916,68.3085837487315,31.6914162512685,67.2390681955918,32.7609318044083,15.5,16.3,13.6,-15.5,-16.3,-13.6,103064,205746
Virginia 4th,VA-04,Virginia,37.1487206646586,58.664338596317,61.0612119045392,38.9387880954608,61.1202011275509,38.8797988724491,10.1,9.1,7.4,-10.1,-9.1,-7.4,134676,212677
Virginia 5th,VA-05,Virginia,53.4177332972088,42.3272386926216,46.6108656242919,53.3891343757081,48.4134558550039,51.5865441449961,-6.9,-5.4,-5.3,6.9,5.4,5.3,195190,154665
Virginia 6th,VA-06,Virginia,59.7114327062229,34.9047756874096,40.1439255402524,59.8560744597476,42.4215252163892,57.5784747836108,-14.2,-11.8,-11.3,14.2,11.8,11.3,206303,120596
Virginia 7th,VA-07,Virginia,50.4967258929846,43.9974704718386,44.6570107750851,55.3429892249149,46.0499668064438,53.9500331935562,-4.6,-7.3,-7.6,4.6,7.3,7.6,198032,172544
Virginia 8th,VA-08,Virginia,20.8907674952771,73.5053073650733,68.6098225544947,31.3901774455053,69.1350238201403,30.8649761798597,26.8,16.6,15.4,-26.8,-16.6,-15.4,76854,270415
Virginia 9th,VA-09,Virginia,68.774704805203,27.2977836711498,35.6205839439991,64.3794160560009,40.8103880987888,59.1896119012112,-22.7,-16.3,-12.9,22.7,16.3,12.9,217837,86463
Virginia 10th,VA-10,Virginia,42.2414881841212,52.1746021133126,49.4285822662715,50.5714177337286,51.4200729796869,48.5799270203131,4.1,-2.5,-2.3,-4.1,2.5,2.3,170580,210692
Virginia 11th,VA-11,Virginia,27.509004240255,66.9316125852112,63.243596087011,36.7564039129891,62.7300693148249,37.2699306851751,19.8,11.3,9,-19.8,-11.3,-9,98222,238982
Vermont At-Large,VT-01,Vermont,30.2694347551473,56.6777859947249,67.028094480348,31.1855123853226,68.8991817393381,31.1008182606619,14.1,16.3,15.2,-14.1,-16.3,-15.2,95369,178573
Washington 1st,WA-01,Washington,37.8466413036005,54.131047601586,54.1407821755639,43.3221694959189,57.3408304391544,42.6591695608456,7.7,3.6,3.7,-7.7,-3.6,-3.7,132109,188952
Washington 2nd,WA-02,Washington,34.8187537906403,56.919641489668,59.2253592970912,38.0230052157058,61.6814831598449,38.3185168401551,10.9,8.9,8,-10.9,-8.9,-8,113670,185821
Washington 3rd,WA-03,Washington,49.9314612089481,42.5222909725528,47.9242659391136,49.5609309252907,51.9585419628691,48.0414580371309,-5.1,-2.8,-1.7,5.1,2.8,1.7,157359,134009
Washington 4th,WA-04,Washington,57.9227586661612,35.0614831786639,37.9224910019252,59.7392650874697,39.9322422229524,60.0677577770476,-13.4,-13.1,-13.8,13.4,13.1,13.8,140560,85083
Washington 5th,WA-05,Washington,52.1735729816822,39.142146510864,43.6778949037014,53.4742014742015,47.4641249180727,52.5358750819273,-8.2,-7,-6.2,8.2,7,6.2,166765,125112
Washington 6th,WA-06,Washington,39.4751225254661,51.831875840861,56.1438682827546,41.1838148181901,58.2254511366299,41.7745488633701,5.7,5.7,4.5,-5.7,-5.7,-4.5,131449,172596
Washington 7th,WA-07,Washington,12.1760530006519,82.1308032610604,79.2081932831998,18.0860253963238,81.6686368813391,18.3313631186609,36,29.4,28,-36,-29.4,-28,50615,341412
Washington 8th,WA-08,Washington,44.6735534358041,47.7152790325294,49.6810174317683,48.1162032952508,52.3939359042968,47.6060640957032,.5,-1.2,-1.3,-.5,1.2,1.3,143403,153167
Washington 9th,WA-09,Washington,23.337179592846,70.4665650155224,68.2746840958606,29.5696732026144,69.6129351273176,30.3870648726824,24,17.8,15.9,-24,-17.8,-15.9,67956,205193
Washington 10th,WA-10,Washington,39.9047251452484,51.2510326521215,56.3257549818531,41.1100458809834,58.2385665929889,41.7614334070111,5.1,5.8,4.6,-5.1,-5.8,-4.6,117861,151373
Wisconsin 1st,WI-01,Wisconsin,52.6383508305685,42.2619331893101,47.4366007004515,51.6464302291236,51.3447459801384,48.6552540198615,-6.6,-4.1,-2.3,6.6,4.1,2.3,187372,150436
Wisconsin 2nd,WI-02,Wisconsin,28.9745956303612,65.7715665826072,68.2989455260589,30.4580927148497,71.0150327304717,28.9849672695283,18.3,17.2,17.3,-18.3,-17.2,-17.3,119608,271507
Wisconsin 3rd,WI-03,Wisconsin,49.2753542573459,44.7772941552753,54.8221338434227,43.8176889096839,60.2633157138673,39.7366842861327,-3.5,3.6,6.6,3.5,-3.6,-6.6,177172,160999
Wisconsin 4th,WI-04,Wisconsin,21.8057198412055,73.9612735963704,75.3293766047902,23.7827447348852,75.1438482544837,24.8561517455163,26.1,24,21.5,-26.1,-24,-21.5,67287,228226
Wisconsin 5th,WI-05,Wisconsin,57.4373655328219,37.2939004811389,37.7455622854498,61.3126236011746,42.2132388831179,57.7867611168821,-11.7,-13.9,-11.5,11.7,13.9,11.5,229325,148900
Wisconsin 6th,WI-06,Wisconsin,55.6676572479354,38.8343430694885,45.7730286820387,53.0948612982121,50.0611463111092,49.9388536888908,-10,-5.7,-3.6,10,5.7,3.6,203433,141917
Wisconsin 7th,WI-07,Wisconsin,57.7185871766516,37.2792632509646,47.8343087012806,50.9163465961977,53.9817499713307,46.0182500286693,-11.9,-3.5,.3,11.9,3.5,-.3,213467,137874
Wisconsin 8th,WI-08,Wisconsin,56.1800185083964,38.6070537555268,47.5603803843534,51.2561479916114,54.3742283648877,45.6257716351123,-10.4,-3.8,.7,10.4,3.8,-.7,207620,142677
West Virginia 1st,WV-01,West Virginia,68.0352940211731,26.3983533830271,35.5418779721691,62.1790934774598,42.2722582395672,57.7277417604328,-23.2,-15.6,-11.4,23.2,15.6,11.4,165934,64384
West Virginia 2nd,WV-02,West Virginia,65.7993263194908,29.3634398462442,37.9712356561919,60.0108271240771,44.5262755060498,55.4737244939502,-20.3,-13.2,-9.2,20.3,13.2,9.2,164674,73487
West Virginia 3rd,WV-03,West Virginia,72.5309516195349,23.2641966284435,32.7921921748583,65.0023569703791,43.1456168097605,56.8543831902395,-26.8,-18.4,-10.5,26.8,18.4,10.5,158763,50923
Wyoming At-Large,WY-01,Wyoming,68.1726330765412,21.8773573474979,28.0480597184102,69.2080995522739,33.4379766449041,66.5620233550959,-26.8,-23.1,-20.3,26.8,23.1,20.3,174419,55973
